{
    "banner": [
      { "id": "1", "url": "/media/chrome-capture-2024-1-16.gif" }
      
    ],
    "events": [
      { "id": "1", "title": " give the perfect gifts" , "text1": " Find the perfect pair this Valentine's Day.","text2": " Order by 2.9 to get your gift in time.", "button1": "Gift For Her", "button2": "Gift For Him", "button3": "Gift For Kids"},
      { "id": "2", "url": "/images/nike-just-do-it (20).jpg" },
      { "id": "3", "url": "/images/nike-just-do-it (18).jpg" },
      { "id": "4", "url": "/images/nike-just-do-it (19).jpg" }
    ],
    "trending": [
      { "id": "1", "text": " All the Latest AJ1s", "url": "/images/nike-just-do-it.jpg" },
      { "id": "2", "text": " New from Nike Basketball", "url": "/images/nike-just-do-it (1).jpg" },
      { "id": "3", "text": " The Latest in Nike Running", "url": "/images/nike-just-do-it (2).jpg" }
    ],
    "featured": [
      { "id": "1", "title": " New in Women's Running","text":"Bloom Run Collection", "button":"Shop", "url": "/images/nike-just-do-it.jfif" },
      { "id": "2", "title": " New Nike One Tops","text":"Fits for Every Style", "button":"Shop", "url": "/images/nike-just-do-it (3).jpg" }
    ],
    "iconic": [
      { "id": "1", "url": "/images/nike-just-do-it (4).jpg" },
      { "id": "2", "url": "/images/nike-just-do-it (5).jpg" },
      { "id": "3", "url": "/images/nike-just-do-it (6).jpg" },
      { "id": "4", "url": "/images/nike-just-do-it (7).jpg" },
      { "id": "5", "url": "/images/nike-just-do-it (8).jpg" }
    ],
    "sport": [
      { "id": "1", "text": " Basketball", "url": "/images/nike-just-do-it (9).jpg" },
      { "id": "2", "text": " Running", "url": "/images/nike-just-do-it (10).jpg" },
      { "id": "3", "text": " Training", "url": "/images/nike-just-do-it (11).jpg" }
    ],
    "popular": [
      { "id": "1", "text": " Air Jordan 3 Retro Craft", "desc":"Men's Shoes", "price":"$210", "url": "/images/nike-just-do-it (23).jfif" },
      { "id": "2", "text": " Air Jordan 1 Retro High OG ", "desc":"Women's Shoes", "price":"$180", "url": "/images/nike-just-do-it (21).jfif" },
      { "id": "3", "text": " Nike Dunk Low ", "desc":"Women's Shoes", "price":"$115", "url": "/images/nike-just-do-it (22).jfif" }
    ],
    "membership": [
      { "id": "1", "title": " The Best of Nike ","text":"It's Better as a Member", "button":"Sign Up", "url": "/images/nike-just-do-it (12).jpg" },
      { "id": "2", "title": " Member Product ","text":"Your Exclusive Access", "button":"Shop", "url": "/images/nike-just-do-it (13).jpg" },
      { "id": "3", "title": " Member Rewards ","text":" How We Say Thank You", "button":"Celebrate", "url": "/images/nike-just-do-it (14).jpg" }
    ],
    "featured-colum": [
      { "id": "1", "text": " Air Force 1" },
      { "id": "2", "text": " Jordan 1" },
      { "id": "3", "text": " Metcon" },
      { "id": "4", "text": " Air Max 270" }
    ],
    "shoes-colum": [
      { "id": "1", "text": " All Shoes" },
      { "id": "2", "text": " Jordan Shoes" },
      { "id": "3", "text": " Running Shoes" },
      { "id": "4", "text": " Basketball Shoes" }
    ],
    "clothing-colum": [
      { "id": "1", "text": " All Clothing" },
      { "id": "2", "text": " Tops & T-Shirts" },
      { "id": "3", "text": " Shorts" },
      { "id": "4", "text": " Hoodies & Pullovers" }
    ],
    "kids-colum": [
      { "id": "1", "text": " Infant & Toddler Shoes" },
      { "id": "2", "text": " Kids Shoes" },
      { "id": "3", "text": " Kids Basketball Shoes" },
      { "id": "4", "text": " Kids Running Shoes" }
    ]
  }